ID,Ngày,Danh Mục,Số Tiền,Ghi Chú
1759148426573,2024-12-14,Di chuyển,50000,Xăng xe
1759148426574,2024-12-15,Hóa đơn,350000,Tiền điện nước
1759148441623,2025-09-29,Ăn uống,900000,
1932061533542,2024-04-20,Di chuyển,7194015,Grab
1982603505611,2023-09-06,Khác,5240960,Không rõ
1612088521094,2023-03-15,Giải trí,7757375,Du lịch
1766336401932,2023-09-10,Gia đình,6150344,Mua quà
1966248610932,2025-12-11,Khác,1531726,Không rõ
1294977626768,2024-08-23,Gia đình,1597342,Tiền chợ
1647452871162,2023-08-19,Mua sắm,2868977,Quần áo
1461753137756,2025-09-22,Di chuyển,6781953,Bảo dưỡng xe
1419555250109,2024-05-26,Giải trí,988549,Du lịch
1315838005444,2024-11-30,Di chuyển,4113713,Grab
1431873060608,2023-05-09,Hóa đơn,1638244,Internet
1505482356037,2024-05-18,Mua sắm,9369179,Đồ gia dụng
1284157222778,2024-11-29,Giải trí,9590582,Đi karaoke
1980623730304,2024-06-19,Giáo dục,719842,Sách vở
1121908883984,2023-12-10,Di chuyển,8882829,Xăng xe
1902094896103,2023-11-17,Sức khỏe,5525187,Thuốc men
1543564921909,2025-09-09,Di chuyển,4647872,Bảo dưỡng xe
1045452629960,2025-11-07,Giải trí,7897540,Đi karaoke
1071432747520,2023-11-18,Sức khỏe,1848735,Mua vitamin
1653768657193,2024-12-03,Sức khỏe,6646562,Mua vitamin
1014246428455,2023-04-24,Ăn uống,7950715,Ăn vặt
1624307163721,2023-01-14,Bạn bè,6769553,Đi cafe
1140192264895,2024-07-24,Giải trí,3095327,Chơi game
1272404216058,2025-11-18,Khác,5238596,Không rõ
1543489369576,2023-07-18,Mua sắm,4318056,Điện tử
1140399255807,2023-10-22,Giải trí,1952021,Xem phim
1146307536338,2024-06-14,Giáo dục,988634,Học phí
1919587593077,2023-07-27,Giải trí,5094784,Chơi game
1714496022009,2024-07-30,Ăn uống,1888043,Cafe
1197684564352,2025-04-26,Di chuyển,4000513,Bảo dưỡng xe
1557841292766,2024-10-04,Bạn bè,6933728,Đi nhậu
1195777001318,2025-04-21,Sức khỏe,5287398,Mua vitamin
1070357495717,2025-02-18,Di chuyển,1634786,Vé xe bus
1487973195583,2023-01-12,Giáo dục,8109557,Khóa học online
1691411323977,2025-02-01,Di chuyển,597693,Xăng xe
1940222972847,2023-08-05,Sức khỏe,3503604,Mua vitamin
1116714034515,2024-07-25,Hóa đơn,865681,Tiền điện
1879332999479,2024-09-18,Hóa đơn,9386861,Điện thoại
1216444674901,2024-04-30,Hóa đơn,2978707,Tiền điện
1546290811396,2024-03-12,Giải trí,3123088,Đi karaoke
1731081927287,2025-07-24,Sức khỏe,9158257,Mua vitamin
1918825104411,2024-09-04,Di chuyển,5400094,Grab
1850433509408,2024-02-04,Giải trí,3844410,Chơi game
1121224200684,2024-10-26,Di chuyển,7632001,Taxi
1537569850635,2025-04-27,Di chuyển,9358363,Xăng xe
1920339270065,2023-07-23,Ăn uống,980148,Ăn vặt
1863632212023,2023-11-03,Ăn uống,5328691,Nhậu
1000867081430,2024-01-13,Gia đình,3139956,Tiệc gia đình
1637543216242,2023-04-08,Mua sắm,4810794,Quần áo
1909661481528,2025-04-11,Giáo dục,5301818,Sách vở
1074767146794,2025-03-03,Sức khỏe,7429547,Mua vitamin
1748838900680,2023-10-22,Di chuyển,6095976,Grab
1047081990152,2025-06-16,Ăn uống,5827323,Cafe
1585726758685,2024-01-29,Mua sắm,9264971,Quần áo
1312309514273,2025-05-16,Hóa đơn,6987043,Internet
1099925657752,2023-01-29,Bạn bè,4197855,Đi nhậu
1962350183244,2024-03-27,Ăn uống,9012278,Nhậu
1010804009648,2023-01-07,Hóa đơn,7874889,Điện thoại
1045071267190,2024-01-03,Sức khỏe,6450769,Thuốc men
1266964300974,2024-01-14,Bạn bè,5227243,Tặng quà
1910995965580,2024-03-09,Di chuyển,7263524,Vé xe bus
1008412311352,2023-10-20,Gia đình,5306809,Tiệc gia đình
1008064206068,2025-10-28,Mua sắm,5671772,Đồ gia dụng
1050288720395,2024-05-28,Gia đình,1329339,Tiệc gia đình
1484350146739,2023-12-05,Giáo dục,4159217,Khóa học online
1348760608094,2023-01-16,Di chuyển,9366586,Bảo dưỡng xe
1865805685208,2024-09-13,Di chuyển,7250909,Xăng xe
1440891502601,2025-01-05,Ăn uống,6227444,Cơm trưa
1820011472322,2025-01-18,Khác,6865823,Chi phí phát sinh
1176083809066,2024-05-13,Khác,6496361,Chi phí phát sinh
1291426358993,2024-04-07,Khác,4463983,Không rõ
1129957011837,2023-05-26,Gia đình,5161147,Mua quà
1103355454313,2025-11-01,Di chuyển,4585372,Grab
1073350708028,2025-11-25,Giải trí,5492542,Chơi game
1956751336758,2024-05-31,Gia đình,8817283,Mua quà
1180487924159,2023-07-31,Hóa đơn,7218963,Điện thoại
1217702840659,2025-07-16,Bạn bè,4902398,Đi cafe
1523172046090,2025-05-25,Di chuyển,2911406,Vé xe bus
1870445880027,2024-05-29,Giải trí,4628006,Xem phim
1899975188569,2025-09-02,Gia đình,2686444,Tiệc gia đình
1801331592426,2024-12-14,Bạn bè,401374,Đi nhậu
1610146936937,2025-09-02,Giải trí,1194786,Đi karaoke
1722278852248,2025-09-18,Hóa đơn,8406210,Tiền điện
1838545713435,2025-08-01,Khác,8055320,Không rõ
1046686943491,2025-06-08,Ăn uống,9005571,Ăn sáng
1418257677238,2025-01-19,Gia đình,5615755,Tiền chợ
1107821349207,2025-11-23,Mua sắm,8466645,Quần áo
1981245398883,2023-01-30,Ăn uống,8911597,Ăn sáng
1558399668499,2023-01-03,Giải trí,7332173,Chơi game
1639100771684,2025-01-05,Bạn bè,6858503,Đi nhậu
1141396959805,2023-01-27,Hóa đơn,9258620,Điện thoại
1661957007502,2023-04-11,Di chuyển,2445091,Xăng xe
1840577605241,2025-01-23,Mua sắm,8726343,Điện tử
1300407327877,2024-06-08,Mua sắm,2468561,Quần áo
1874633208035,2023-07-01,Khác,7833882,Không rõ
1983065419750,2025-07-25,Di chuyển,8930169,Grab
1440028699935,2023-03-02,Giải trí,5703595,Xem phim
1831755874552,2023-05-10,Hóa đơn,5063803,Internet
1424975381414,2023-02-23,Sức khỏe,6153464,Thuốc men
1822725965493,2023-10-26,Di chuyển,4514597,Bảo dưỡng xe
1135571908217,2024-02-07,Di chuyển,7129415,Grab
1890938270298,2025-12-14,Giải trí,1213964,Chơi game
1213212642850,2024-09-30,Giải trí,6990097,Xem phim
1888829945299,2023-03-12,Giáo dục,900439,Khóa học online
1986620184897,2024-09-13,Di chuyển,1693678,Xăng xe
1186943820768,2024-08-31,Ăn uống,6286878,Nhậu
1722337348778,2024-06-16,Giáo dục,7727575,Khóa học online
1329714633862,2025-05-10,Sức khỏe,5393398,Mua vitamin
1844091669231,2023-01-14,Khác,6184501,Không rõ
1876898738505,2024-12-04,Ăn uống,7275042,Ăn sáng
1858608435479,2023-12-30,Ăn uống,2923535,Nhậu
1399815272249,2023-11-30,Gia đình,8728218,Mua quà
1792862706883,2023-08-29,Ăn uống,6468226,Cafe
1796415451536,2025-03-12,Sức khỏe,6779384,Khám bệnh
1227595700307,2023-09-30,Khác,2659153,Không rõ
1916517676106,2024-07-21,Mua sắm,7820207,Điện tử
1583937743619,2025-01-29,Hóa đơn,5483617,Internet
1980273153496,2023-01-29,Hóa đơn,7170530,Internet
1277334870037,2023-03-12,Khác,8238645,Chi phí phát sinh
1574125944986,2025-05-26,Giáo dục,9217094,Học phí
1158207305668,2023-02-26,Bạn bè,7429285,Tặng quà
1670566659941,2025-05-02,Ăn uống,3160030,Cơm trưa
1399008796185,2024-06-27,Ăn uống,5423368,Nhậu
1608043004259,2024-10-25,Gia đình,3982706,Tiền chợ
1201173337036,2023-05-12,Giáo dục,3310586,Sách vở
1677210606273,2024-09-27,Di chuyển,3937853,Bảo dưỡng xe
1209027239498,2025-11-16,Hóa đơn,6975417,Tiền điện
1638566816476,2025-03-01,Di chuyển,3501669,Bảo dưỡng xe
1843788874425,2023-02-06,Mua sắm,8220018,Giày dép
1040884825893,2024-11-01,Bạn bè,5540792,Đi cafe
1176678949895,2024-05-05,Sức khỏe,8384204,Thuốc men
1486949685907,2025-11-21,Khác,2790299,Chi phí phát sinh
1762195332509,2023-03-11,Mua sắm,3516506,Điện tử
1999292174428,2024-03-06,Mua sắm,9815409,Giày dép
1837280078145,2025-03-02,Di chuyển,9261979,Grab
1149297847365,2023-01-06,Giáo dục,712782,Sách vở
1917682017086,2023-01-29,Giải trí,5949140,Du lịch
1082220694528,2025-04-20,Khác,9521950,Chi phí phát sinh
1627133562750,2024-07-19,Gia đình,9185098,Mua quà
1891868196922,2025-04-16,Giải trí,50273,Đi karaoke
1597838976321,2023-08-27,Giải trí,9737081,Du lịch
1697512174707,2025-11-04,Sức khỏe,1679729,Thuốc men
1365739637651,2024-12-25,Bạn bè,1297970,Tặng quà
1009732493783,2025-07-11,Giáo dục,6682048,Học phí
1624016745592,2025-02-22,Di chuyển,9311803,Bảo dưỡng xe
1228986077039,2024-06-21,Khác,6107921,Chi phí phát sinh
1683767380189,2025-06-05,Ăn uống,1610173,Ăn vặt
1261344772765,2025-10-30,Hóa đơn,5165845,Điện thoại
1902543012574,2024-05-13,Gia đình,6222725,Tiền chợ
1275698397187,2024-01-14,Gia đình,2368476,Tiền chợ
1925573440386,2023-10-19,Khác,6570467,Chi phí phát sinh
1147836845382,2024-03-31,Ăn uống,4878151,Cơm trưa
1382557321314,2024-12-23,Giải trí,6220835,Xem phim
1692508893462,2023-10-29,Khác,4814401,Chi phí phát sinh
1828054036234,2025-06-28,Ăn uống,3173213,Cafe
1989776939379,2023-10-24,Hóa đơn,2257596,Điện thoại
1571764152813,2023-02-25,Giáo dục,145325,Khóa học online
1633196868422,2024-09-22,Mua sắm,3440928,Giày dép
1740078528001,2023-03-18,Gia đình,1349162,Tiệc gia đình
1721111155150,2023-08-07,Gia đình,1314367,Tiền chợ
1946068086377,2023-01-11,Di chuyển,3530358,Taxi
1923975438891,2023-05-28,Di chuyển,5968303,Vé xe bus
1413294517861,2024-04-05,Mua sắm,3800635,Quần áo
1439065506958,2024-12-17,Bạn bè,1130557,Đi cafe
1564014285999,2023-02-17,Ăn uống,203545,Ăn vặt
1740785808041,2024-01-26,Mua sắm,8610508,Đồ gia dụng
1224177481338,2024-09-02,Hóa đơn,5165965,Tiền nước
1937769828949,2025-06-25,Di chuyển,3252337,Bảo dưỡng xe
1146904085711,2024-02-14,Mua sắm,3430463,Điện tử
1570692707624,2025-04-12,Sức khỏe,6203438,Khám bệnh
1078921869730,2023-07-25,Sức khỏe,9794100,Khám bệnh
1784671776803,2025-03-21,Mua sắm,1656278,Điện tử
1132154936496,2025-04-09,Hóa đơn,1429471,Tiền điện
1859105615966,2023-06-14,Sức khỏe,2372982,Thuốc men
1638511789706,2024-05-15,Giải trí,8081561,Du lịch
1137045490567,2023-10-27,Bạn bè,1446888,Tặng quà
1423184381834,2025-01-08,Mua sắm,1186957,Đồ gia dụng
1139245569163,2024-11-28,Hóa đơn,3970474,Tiền nước
1468058934562,2024-09-01,Khác,2790880,Chi phí phát sinh
1263695321916,2023-02-18,Bạn bè,8597030,Đi nhậu
1347143809322,2023-09-11,Sức khỏe,4945097,Thuốc men
1400427188823,2025-06-24,Gia đình,4395043,Tiền chợ
1762070285171,2025-04-28,Gia đình,8315562,Tiền chợ
1615822756621,2025-08-31,Hóa đơn,9048624,Điện thoại
1887750823867,2023-10-09,Ăn uống,5002215,Ăn vặt
1688598646107,2025-04-07,Mua sắm,2674634,Điện tử
1505774348448,2025-02-10,Giải trí,123217,Xem phim
1987194715088,2023-08-09,Bạn bè,9123392,Đi cafe
1692987084828,2025-04-27,Giáo dục,1204300,Sách vở
1824594404688,2023-04-07,Giáo dục,9376590,Học phí
1825878608243,2023-12-14,Di chuyển,664266,Vé xe bus
1683948537699,2023-07-07,Sức khỏe,3517380,Thuốc men
1040959216471,2024-10-12,Bạn bè,4579357,Tặng quà
1401304674227,2024-10-19,Sức khỏe,2984801,Mua vitamin
1933411665270,2023-04-09,Giải trí,8463665,Du lịch
1028580519511,2023-08-19,Giáo dục,6353154,Sách vở
1201204872926,2024-03-12,Khác,1838940,Chi phí phát sinh
1998679897863,2023-05-12,Ăn uống,3069727,Ăn sáng
1989017300427,2024-11-30,Hóa đơn,9442052,Internet
1447459863908,2023-11-13,Ăn uống,8202983,Cơm trưa
1682678854787,2024-06-13,Giải trí,4936996,Du lịch
1182596187004,2025-08-13,Mua sắm,6612526,Giày dép
1393154559338,2023-11-30,Di chuyển,4450541,Xăng xe
1194701437401,2024-01-12,Ăn uống,9892359,Cơm trưa
1498025563999,2023-11-02,Sức khỏe,7448257,Khám bệnh
1348599776009,2025-10-24,Hóa đơn,9554098,Điện thoại
1729804129768,2025-07-06,Di chuyển,3050834,Grab
1779767714977,2024-10-18,Khác,5544350,Chi phí phát sinh
1697878255009,2024-07-23,Sức khỏe,689485,Khám bệnh
1939607213560,2024-08-19,Mua sắm,7938810,Đồ gia dụng
1261661319166,2023-02-13,Mua sắm,4223389,Quần áo
1587747723383,2024-09-08,Di chuyển,6609409,Vé xe bus
1429491254374,2023-07-08,Bạn bè,9952655,Đi cafe
1508131643916,2024-10-24,Khác,6312817,Không rõ
1400028509942,2025-10-20,Giải trí,6746148,Du lịch
1990899062399,2024-07-22,Gia đình,5877255,Mua quà
1726549339399,2025-06-21,Hóa đơn,9221534,Internet
1786806051669,2025-02-08,Sức khỏe,1254512,Thuốc men
1573864944193,2024-10-05,Giải trí,4691319,Du lịch
1893965498093,2025-01-11,Hóa đơn,6389073,Điện thoại
1727775280295,2024-09-26,Di chuyển,3789803,Grab
1547343871299,2023-10-06,Ăn uống,3246963,Nhậu
1075703676781,2023-07-20,Giải trí,6317450,Xem phim
1224418993804,2024-10-28,Khác,4432883,Không rõ
1320011927108,2025-07-22,Hóa đơn,1904530,Điện thoại
1157546639075,2024-09-01,Khác,4726438,Chi phí phát sinh
1590741546905,2023-11-06,Hóa đơn,1929636,Điện thoại
1165618884691,2023-11-07,Ăn uống,1044814,Cơm trưa
1422430138973,2024-01-13,Giải trí,896921,Đi karaoke
1065779852443,2025-04-11,Giáo dục,8897306,Khóa học online
1264342740974,2024-10-02,Gia đình,804872,Tiền chợ
1235344347876,2025-02-07,Di chuyển,1565431,Taxi
1753819973888,2025-08-22,Gia đình,9787477,Tiền chợ
1135691496458,2025-07-21,Ăn uống,3537028,Cơm trưa
1215683945112,2024-07-06,Gia đình,660713,Mua quà
1192205772192,2024-07-28,Mua sắm,9080260,Quần áo
1669271393680,2025-02-03,Ăn uống,5746031,Ăn vặt
1524724477987,2023-09-05,Ăn uống,3963384,Ăn sáng
1334197012760,2025-05-08,Sức khỏe,1272548,Khám bệnh
1126616445040,2025-06-04,Ăn uống,5014287,Ăn vặt
1341622653231,2023-01-15,Mua sắm,4461252,Giày dép
1319980810128,2023-10-01,Di chuyển,1410662,Taxi
1110709907053,2024-10-27,Bạn bè,3582963,Đi cafe
1974733092879,2025-05-14,Mua sắm,2036939,Đồ gia dụng
1220349777913,2024-03-12,Hóa đơn,1202750,Điện thoại
1568359970229,2023-11-13,Giáo dục,1278259,Khóa học online
1713199738549,2024-11-25,Giáo dục,3057827,Sách vở
1075816629050,2023-08-22,Giáo dục,8227669,Sách vở
1284035174192,2024-10-21,Khác,9631830,Không rõ
1063876446733,2024-09-28,Di chuyển,2690400,Grab
1330741710609,2025-04-11,Giáo dục,4184971,Khóa học online
1334073962194,2025-09-27,Giải trí,3135737,Chơi game
1122807882735,2023-06-01,Gia đình,7651563,Tiệc gia đình
1246956173143,2023-11-11,Giáo dục,3847806,Khóa học online
1247438341838,2023-10-28,Ăn uống,4058165,Cơm trưa
1847461938663,2024-11-29,Bạn bè,8545554,Tặng quà
1959368547456,2024-12-27,Hóa đơn,1978599,Internet
1530283174377,2023-04-22,Khác,2210515,Không rõ
1128222809122,2023-04-27,Hóa đơn,5385323,Điện thoại
1226265962875,2023-06-07,Bạn bè,9590479,Đi cafe
1923648764856,2025-07-17,Khác,3675897,Chi phí phát sinh
1392532339228,2024-07-02,Bạn bè,1323964,Đi cafe
1543807755614,2025-09-18,Giáo dục,9103233,Sách vở
1271299855154,2023-04-26,Di chuyển,881515,Taxi
1352873180219,2024-09-08,Khác,247867,Không rõ
1759817419450,2025-09-03,Mua sắm,3965667,Đồ gia dụng
1691874272063,2024-02-19,Giải trí,6504419,Đi karaoke
1378316496107,2023-11-10,Bạn bè,5331898,Đi nhậu
1743494344474,2025-01-12,Bạn bè,1986032,Đi cafe
1864084481106,2025-01-20,Sức khỏe,7175570,Khám bệnh
1321716318245,2024-12-10,Giáo dục,5155667,Sách vở
1344852828444,2025-10-02,Khác,293965,Chi phí phát sinh
1548027151199,2025-05-22,Sức khỏe,1633607,Khám bệnh
1793006770387,2024-07-05,Di chuyển,4846086,Grab
1885191067661,2024-05-23,Sức khỏe,9000575,Khám bệnh
1897782892883,2023-01-16,Giáo dục,7987183,Học phí
1518738786151,2024-12-25,Ăn uống,6945062,Cơm trưa
1295959935860,2023-08-23,Gia đình,3470180,Tiệc gia đình
1739635305036,2025-10-12,Giáo dục,9159802,Khóa học online
1147669648132,2023-06-28,Bạn bè,682144,Tặng quà
1805998807379,2023-01-21,Mua sắm,7931732,Điện tử
1609491192887,2025-09-12,Di chuyển,3236121,Xăng xe
1613412113086,2023-07-21,Sức khỏe,2895433,Mua vitamin
1839830609982,2025-03-30,Bạn bè,56506,Đi nhậu
1030858730471,2025-02-06,Di chuyển,7246115,Vé xe bus
1802343994393,2024-05-08,Gia đình,8028975,Mua quà
1077207380615,2024-10-01,Gia đình,5693316,Tiền chợ
1928588862693,2025-09-09,Giải trí,7893611,Đi karaoke
1705951564919,2024-05-21,Bạn bè,1625633,Đi cafe
1103574603397,2025-04-24,Di chuyển,5287867,Xăng xe
1764926274809,2023-12-14,Khác,5930471,Chi phí phát sinh
1549612252928,2025-11-21,Di chuyển,6480696,Vé xe bus
1026803068265,2023-08-04,Giáo dục,8930174,Sách vở
1699457114832,2023-09-13,Hóa đơn,3446847,Điện thoại
1964903961328,2025-04-25,Giáo dục,6803514,Khóa học online
1871106670091,2023-01-03,Hóa đơn,3058554,Điện thoại
1209555776480,2025-03-08,Sức khỏe,9838836,Mua vitamin
1370349066362,2025-03-12,Ăn uống,8000613,Nhậu
1473494003943,2023-03-12,Mua sắm,5843067,Quần áo
1506605973456,2024-03-11,Bạn bè,3749645,Đi nhậu
1155921127691,2023-06-24,Giáo dục,614782,Khóa học online
1545897117375,2024-02-16,Mua sắm,2130114,Quần áo
1418139278003,2023-07-25,Mua sắm,7809367,Giày dép
1892991931085,2024-05-31,Sức khỏe,2029231,Khám bệnh
1753314613161,2024-06-09,Khác,2521387,Chi phí phát sinh
1533114211680,2025-02-07,Gia đình,2453369,Tiền chợ
1353922223331,2024-07-21,Khác,5406537,Không rõ
1947422486745,2025-10-20,Ăn uống,8277990,Ăn vặt
1067879203326,2025-04-10,Bạn bè,6685097,Đi cafe
1536648523090,2024-08-15,Hóa đơn,6941071,Điện thoại
1216198273817,2025-05-10,Giải trí,6832144,Chơi game
1604549512512,2024-12-08,Mua sắm,2813933,Giày dép
1945341966940,2025-03-02,Mua sắm,7295257,Giày dép
1049784273172,2024-12-28,Khác,495153,Không rõ
1394533005457,2023-02-24,Ăn uống,7880840,Ăn sáng
1758774816963,2023-02-19,Khác,4968490,Chi phí phát sinh
1743909373524,2023-09-27,Sức khỏe,8738998,Thuốc men
1020505575522,2024-01-26,Gia đình,1434009,Tiền chợ
1004266503666,2024-09-02,Gia đình,3937993,Tiền chợ
1058637157031,2023-07-03,Giáo dục,9831088,Khóa học online
1179211187705,2023-03-17,Gia đình,8398018,Mua quà
1054802322075,2025-10-29,Khác,9215632,Không rõ
1034115656594,2025-08-19,Mua sắm,5241558,Giày dép
1978120920079,2024-04-05,Khác,9183946,Chi phí phát sinh
1905853164779,2024-03-22,Gia đình,6409567,Tiền chợ
1064576061115,2025-11-10,Di chuyển,8301295,Vé xe bus
1545683395009,2023-01-26,Giải trí,4765554,Đi karaoke
1170483847708,2023-04-25,Khác,8562211,Không rõ
1168312322612,2024-04-15,Mua sắm,4360581,Quần áo
1077760586734,2025-04-07,Giải trí,2023765,Du lịch
1761763230626,2023-12-12,Giáo dục,6892533,Sách vở
1278559841094,2023-08-11,Khác,9703233,Không rõ
1496146560771,2023-08-07,Di chuyển,5252207,Bảo dưỡng xe
1598679060714,2024-02-23,Giáo dục,1205107,Khóa học online
1281985465951,2023-09-22,Di chuyển,3824591,Taxi
1442898519612,2025-09-26,Sức khỏe,6997848,Thuốc men
1370450257217,2023-12-27,Sức khỏe,4683136,Khám bệnh
1644931249577,2023-12-10,Di chuyển,2942730,Taxi
1569588184075,2025-08-06,Bạn bè,2392266,Đi cafe
1485302608094,2024-02-27,Bạn bè,9335855,Đi nhậu
1042554094700,2025-03-04,Gia đình,3599772,Tiền chợ
1342371275456,2025-05-31,Giải trí,6426881,Đi karaoke
1214925372882,2023-06-21,Hóa đơn,6397741,Tiền nước
1014117245826,2024-10-18,Ăn uống,5084884,Nhậu
1258358699468,2023-10-24,Mua sắm,1763339,Giày dép
1758963178139,2025-12-03,Giáo dục,7097688,Sách vở
1206984999631,2024-11-17,Giáo dục,1840041,Sách vở
1721982087632,2025-10-17,Di chuyển,6174696,Grab
1084580333531,2025-10-21,Giáo dục,4410710,Sách vở
1062044853552,2023-09-19,Bạn bè,2683682,Đi cafe
1651567407160,2024-09-10,Hóa đơn,7662478,Internet
1263884728148,2023-10-08,Giáo dục,3881099,Học phí
1599698379276,2024-09-06,Giải trí,2228195,Du lịch
1548749076697,2023-09-24,Bạn bè,3127064,Tặng quà
1314972817968,2023-10-19,Di chuyển,3751085,Vé xe bus
1603065365043,2024-08-17,Gia đình,6714744,Mua quà
1396258184651,2024-11-08,Giải trí,9486995,Đi karaoke
1790369005793,2023-03-14,Giải trí,5362331,Du lịch
1778533899857,2024-03-24,Sức khỏe,4451455,Thuốc men
1516726630723,2023-08-06,Hóa đơn,8317406,Tiền điện
1745332029289,2025-03-16,Di chuyển,4932865,Vé xe bus
1014902484334,2023-08-20,Hóa đơn,6097621,Tiền nước
1585014950931,2024-02-26,Khác,7116776,Không rõ
1153324062067,2023-01-14,Gia đình,4277302,Mua quà
1974949373871,2024-09-29,Di chuyển,2413698,Xăng xe
1398944534350,2025-01-23,Di chuyển,4907237,Vé xe bus
1305945557126,2025-04-20,Hóa đơn,9017953,Điện thoại
1642860348443,2024-11-15,Bạn bè,68466,Đi nhậu
1246693554413,2023-12-13,Khác,2575148,Không rõ
1406215218011,2024-10-10,Giáo dục,7711909,Học phí
1546433301413,2025-10-20,Gia đình,5289197,Tiệc gia đình
1325703782671,2024-12-09,Ăn uống,567074,Cafe
1856792120184,2024-01-09,Sức khỏe,2980249,Khám bệnh
1917176015180,2024-03-27,Ăn uống,7764138,Ăn sáng
1526809587171,2024-06-06,Hóa đơn,9399757,Tiền nước
1726927761350,2025-12-19,Giải trí,1347908,Xem phim
1366882559732,2025-11-17,Di chuyển,162624,Bảo dưỡng xe
1935351552251,2023-01-26,Hóa đơn,5764099,Internet
1542325709242,2023-05-20,Gia đình,7566804,Tiền chợ
1765774669519,2023-07-12,Khác,2548705,Không rõ
1368019306327,2025-03-29,Sức khỏe,8048956,Thuốc men
1220880265635,2025-03-11,Di chuyển,8208377,Vé xe bus
1213123641064,2024-10-07,Ăn uống,9707622,Ăn sáng
1103253950896,2024-01-13,Giải trí,8453582,Xem phim
1926142451123,2024-01-06,Giáo dục,3618871,Học phí
1608090454691,2024-08-10,Khác,4571556,Chi phí phát sinh
1460795710871,2023-08-24,Mua sắm,5131842,Quần áo
1038275834305,2023-03-23,Di chuyển,1330309,Bảo dưỡng xe
1987469257272,2023-07-20,Giáo dục,2334605,Học phí
1658852532047,2024-09-24,Mua sắm,6819849,Quần áo
1041471520220,2025-03-26,Gia đình,7405439,Tiền chợ
1994503827816,2023-06-10,Giáo dục,6610302,Sách vở
1399208749305,2025-06-24,Gia đình,2705615,Tiền chợ
1881729343364,2025-11-12,Sức khỏe,4116060,Thuốc men
1921537200232,2023-06-19,Khác,8329266,Chi phí phát sinh
1851672815597,2025-08-04,Giáo dục,9483151,Học phí
1860115079053,2024-04-21,Di chuyển,1456722,Vé xe bus
1044797885377,2024-02-29,Sức khỏe,7956502,Mua vitamin
1609391215315,2023-06-09,Giải trí,5215550,Đi karaoke
1982996202984,2024-07-30,Mua sắm,219944,Điện tử
1184385791964,2025-03-06,Sức khỏe,8591002,Mua vitamin
1240906472172,2025-10-07,Giáo dục,9518329,Khóa học online
1251796059374,2023-04-07,Bạn bè,4497427,Đi cafe
1358624730024,2025-04-14,Khác,9538092,Không rõ
1765677073089,2024-06-17,Giáo dục,8096325,Học phí
1325998136746,2025-02-05,Gia đình,3718627,Tiệc gia đình
1194871705962,2025-11-29,Khác,2673419,Chi phí phát sinh
1232522726723,2023-10-02,Giáo dục,4849844,Sách vở
1999642231923,2023-01-10,Bạn bè,6477369,Đi cafe
1806799558856,2024-06-12,Khác,1148854,Không rõ
1026037874415,2023-02-04,Ăn uống,9786475,Ăn sáng
1659138886738,2025-06-15,Di chuyển,7852411,Vé xe bus
1743381362336,2023-02-24,Giải trí,4071535,Du lịch
1610390256534,2025-12-17,Gia đình,116630,Tiệc gia đình
1160315454476,2025-04-16,Ăn uống,3554947,Nhậu
1312431985537,2023-04-20,Mua sắm,6564067,Đồ gia dụng
1831271902712,2024-12-12,Di chuyển,4879513,Vé xe bus
1553928548428,2025-08-31,Giáo dục,8165960,Khóa học online
1715094419859,2023-03-09,Mua sắm,594702,Quần áo
1863378683702,2024-01-11,Mua sắm,7324570,Quần áo
1764060972017,2024-11-09,Mua sắm,7771315,Giày dép
1688645303820,2023-01-22,Giải trí,1179782,Xem phim
1746095559381,2025-02-11,Khác,7436350,Chi phí phát sinh
1038882322560,2024-11-23,Hóa đơn,6485303,Tiền điện
1761817737654,2024-11-29,Gia đình,9005477,Mua quà
1315577317038,2024-02-27,Gia đình,1322003,Mua quà
1101278806567,2025-04-22,Giáo dục,9564726,Học phí
1312408440135,2025-11-09,Hóa đơn,5706474,Tiền điện
1002157803490,2025-06-03,Gia đình,9792010,Tiền chợ
1197522365309,2024-10-12,Ăn uống,5235488,Ăn vặt
1198530397569,2023-05-27,Giáo dục,7982446,Khóa học online
1861000913973,2024-08-09,Gia đình,5894803,Tiền chợ
1884841127905,2024-07-28,Gia đình,3191035,Tiệc gia đình
1734075891166,2024-01-08,Khác,3436768,Chi phí phát sinh
1495767536500,2024-09-24,Khác,7550883,Chi phí phát sinh
1902242485362,2024-03-25,Gia đình,7407301,Tiệc gia đình
1963136684570,2023-06-05,Ăn uống,8503931,Cafe
1048741083270,2024-09-14,Mua sắm,7214348,Giày dép
1029960747723,2025-11-06,Mua sắm,8234576,Giày dép
1534863391566,2024-02-26,Khác,869422,Không rõ
1628812803520,2025-11-30,Hóa đơn,3186690,Điện thoại
1390346367457,2025-04-21,Di chuyển,6422090,Xăng xe
1761703954202,2023-11-30,Ăn uống,7111052,Ăn vặt
1927459192930,2024-02-09,Gia đình,145531,Mua quà
1279752953486,2025-04-06,Khác,8303752,Không rõ
1846973096525,2025-02-21,Sức khỏe,8413966,Mua vitamin
1367566354355,2023-10-13,Di chuyển,7401340,Bảo dưỡng xe
1689865189747,2024-03-12,Giáo dục,5438553,Học phí
1225858072325,2025-10-06,Mua sắm,7701043,Quần áo
1026026138499,2025-05-14,Di chuyển,5617352,Grab
1225600876908,2023-01-26,Bạn bè,9603520,Tặng quà
1119777698748,2025-12-30,Gia đình,7968020,Mua quà
1708200487158,2024-10-01,Hóa đơn,9149384,Điện thoại
1701370850600,2024-08-17,Sức khỏe,4203851,Thuốc men
1640574746524,2025-01-23,Di chuyển,5528292,Vé xe bus
1310260500848,2023-06-24,Gia đình,9638981,Tiền chợ
1631566665580,2023-08-20,Ăn uống,2823752,Ăn sáng
1455855473182,2023-01-22,Mua sắm,5751471,Đồ gia dụng
1512195598735,2024-01-11,Hóa đơn,9920420,Tiền điện
1737253846407,2023-12-01,Gia đình,3289819,Tiệc gia đình
1929591283653,2023-03-15,Giáo dục,6333037,Sách vở
1739124986027,2025-07-25,Di chuyển,4325784,Bảo dưỡng xe
1110364124509,2025-06-09,Giáo dục,9972412,Sách vở
1306937655238,2024-10-04,Hóa đơn,8701831,Internet
1166087303824,2025-04-08,Sức khỏe,4965403,Khám bệnh
1690030561745,2025-05-29,Hóa đơn,5567283,Điện thoại
1825857228987,2025-05-10,Ăn uống,9102451,Cafe
1974404400118,2025-03-30,Khác,1712931,Không rõ
1468598483986,2025-09-03,Khác,1110310,Không rõ
1265579928991,2025-08-18,Sức khỏe,4087595,Thuốc men
1048219108809,2024-05-02,Hóa đơn,2646494,Tiền điện
1866762074541,2023-08-09,Mua sắm,7105771,Quần áo
1863332309848,2025-07-14,Giáo dục,1564777,Khóa học online
1171278447706,2024-05-06,Sức khỏe,5661345,Khám bệnh
1677834297520,2025-04-24,Bạn bè,4430349,Đi nhậu
1667414194906,2024-03-07,Hóa đơn,5512265,Internet
1845141761844,2024-05-28,Gia đình,1187319,Tiệc gia đình
1574954908809,2025-02-09,Giáo dục,9860084,Sách vở
1995939508585,2023-09-22,Khác,5516215,Không rõ
1387797632054,2023-01-03,Giải trí,2475250,Đi karaoke
1374612722588,2024-05-27,Mua sắm,5173083,Đồ gia dụng
1597505827423,2023-08-15,Giáo dục,8089849,Học phí
1031505617522,2025-12-27,Mua sắm,7780831,Đồ gia dụng
1782137486042,2025-12-24,Hóa đơn,2631806,Tiền điện
1748055559846,2024-04-04,Mua sắm,4375187,Điện tử
1181194619325,2023-11-30,Ăn uống,4074732,Ăn sáng
1931123545955,2024-05-03,Khác,1826707,Không rõ
1895495174227,2024-08-01,Giải trí,1289969,Xem phim
1569654005358,2023-12-08,Khác,6420367,Không rõ
1114665458619,2023-10-13,Mua sắm,1859033,Quần áo
1635266196358,2024-12-01,Khác,3398994,Chi phí phát sinh
1298646426935,2025-05-11,Hóa đơn,5383081,Tiền điện
1771407673308,2023-04-07,Di chuyển,4098388,Bảo dưỡng xe
1258058516202,2024-12-18,Khác,3610773,Không rõ
1838625539244,2025-04-10,Gia đình,5919544,Tiền chợ
1714773418731,2025-06-04,Khác,8609541,Không rõ
1256309422261,2023-05-20,Giáo dục,2928562,Khóa học online
1842600172409,2025-07-23,Giáo dục,5935209,Học phí
1719254733833,2024-06-11,Hóa đơn,5149785,Internet
1378776236122,2023-05-17,Hóa đơn,9407870,Internet
1039605212155,2025-02-27,Di chuyển,5335363,Bảo dưỡng xe
1642769272677,2025-10-16,Gia đình,6081345,Tiền chợ
1975923189669,2025-11-03,Di chuyển,9109747,Grab
1400787451060,2025-09-09,Mua sắm,766664,Giày dép
1730586152683,2024-06-08,Giáo dục,2679640,Khóa học online
1991468951292,2024-11-20,Bạn bè,6379922,Tặng quà
1978319515681,2023-08-10,Di chuyển,4202232,Xăng xe
1618488151855,2025-06-07,Ăn uống,8931349,Nhậu
1229939221298,2023-09-22,Mua sắm,7899160,Đồ gia dụng
1240554166189,2024-05-01,Mua sắm,1146791,Quần áo
1408242697800,2023-04-01,Di chuyển,6378567,Bảo dưỡng xe
1872481969590,2024-09-11,Bạn bè,2107567,Đi nhậu
1185733343906,2025-06-25,Gia đình,7295101,Tiền chợ
1661935987148,2025-07-01,Ăn uống,4505416,Nhậu
1454686262135,2023-09-10,Giáo dục,6663533,Sách vở
1969319986678,2024-06-12,Gia đình,5410975,Tiệc gia đình
1995279733873,2023-09-29,Bạn bè,2967394,Đi nhậu
1187939961415,2023-06-04,Ăn uống,8129327,Nhậu
1794912138611,2024-02-28,Khác,945450,Không rõ
1625157501722,2024-11-11,Di chuyển,9182223,Xăng xe
1326860732531,2024-01-17,Gia đình,2628131,Tiệc gia đình
1758796271650,2023-12-17,Mua sắm,1375981,Điện tử
1281288345114,2025-12-09,Ăn uống,1439574,Nhậu
1757588909798,2024-05-27,Bạn bè,8769820,Đi nhậu
1924396403424,2024-11-29,Giáo dục,5204971,Sách vở
1959326596452,2024-09-28,Mua sắm,4703546,Điện tử
1992279278538,2024-03-31,Gia đình,6373681,Tiền chợ
1646150750129,2025-04-21,Khác,5423771,Không rõ
1815043663708,2023-12-28,Di chuyển,1150410,Bảo dưỡng xe
1764338316869,2024-05-29,Giáo dục,1261059,Học phí
1133412873316,2024-12-24,Di chuyển,1657292,Taxi
1162942036281,2025-06-03,Giải trí,6013275,Chơi game
1227438506672,2025-07-11,Bạn bè,6497782,Đi cafe
1436176113468,2023-09-08,Khác,8419078,Không rõ
1793276451622,2024-10-24,Sức khỏe,7032197,Khám bệnh
1094189091793,2025-01-26,Hóa đơn,4697766,Tiền điện
1439771141076,2024-07-14,Di chuyển,5732405,Vé xe bus
1615065625133,2025-03-14,Sức khỏe,8440604,Khám bệnh
1761346666787,2024-07-26,Di chuyển,2667216,Xăng xe
1853880628133,2025-10-07,Gia đình,7285679,Mua quà
1216464324037,2025-12-24,Sức khỏe,7110005,Thuốc men
1476260485135,2023-08-18,Sức khỏe,4457780,Khám bệnh
1072832568216,2025-06-18,Sức khỏe,3101163,Khám bệnh
1095076066402,2025-01-14,Sức khỏe,933186,Khám bệnh
1892196221988,2023-01-18,Ăn uống,9980126,Cafe
1220792158156,2023-08-12,Giải trí,9058833,Đi karaoke
1672329224326,2025-01-02,Ăn uống,3686445,Cơm trưa
1296925542737,2025-05-24,Mua sắm,5275142,Giày dép
1569837801941,2024-05-10,Hóa đơn,7734656,Điện thoại
1554046735197,2024-11-14,Di chuyển,4929309,Grab
1697635959810,2024-01-28,Bạn bè,8601451,Đi nhậu
1301902913110,2025-09-02,Giáo dục,1223691,Khóa học online
1440513188779,2025-02-16,Gia đình,9265605,Tiền chợ
1929935151846,2024-07-01,Ăn uống,8497105,Nhậu
1560595640646,2023-10-17,Giải trí,1521201,Đi karaoke
1888493680075,2024-12-04,Mua sắm,1042738,Giày dép
1249150975220,2025-12-29,Gia đình,1778665,Mua quà
1698614004003,2024-11-13,Di chuyển,600669,Vé xe bus
1099503976815,2023-07-13,Sức khỏe,1328608,Thuốc men
1176120090064,2024-08-14,Hóa đơn,4219239,Điện thoại
1711914064147,2024-07-07,Ăn uống,9581580,Ăn sáng
1197154033671,2024-10-25,Gia đình,5625473,Tiền chợ
1364155425971,2023-02-10,Giải trí,879860,Đi karaoke
1297277997044,2023-07-18,Hóa đơn,3837954,Điện thoại
1900307221899,2023-10-10,Sức khỏe,3143463,Khám bệnh
1048609933134,2023-07-23,Giáo dục,2433559,Khóa học online
1488537980928,2025-05-26,Ăn uống,4208794,Cafe
1193350103727,2024-08-27,Khác,6925898,Không rõ
1537206291061,2025-06-01,Sức khỏe,7540553,Mua vitamin
1114697892272,2024-06-17,Giải trí,9668985,Đi karaoke
1064857064456,2024-05-05,Ăn uống,6807366,Nhậu
1883357375152,2025-03-02,Khác,6500850,Không rõ
1621749134005,2023-07-26,Gia đình,1914622,Tiệc gia đình
1926131059371,2024-02-05,Khác,100833,Chi phí phát sinh
1525298327665,2023-12-10,Ăn uống,772499,Ăn vặt
1765698936874,2024-11-04,Hóa đơn,1716436,Điện thoại
1177192342946,2025-01-03,Gia đình,8910838,Mua quà
1359012070428,2024-01-08,Mua sắm,3298046,Giày dép
1455404016813,2024-08-30,Giáo dục,309818,Sách vở
1771090154962,2024-11-27,Giải trí,767756,Đi karaoke
1145699555913,2024-11-20,Sức khỏe,3092403,Mua vitamin
1803160878617,2023-03-19,Di chuyển,453406,Vé xe bus
1084382175389,2025-07-01,Hóa đơn,3745434,Tiền điện
1762825267445,2024-12-29,Ăn uống,686401,Ăn vặt
1090465123005,2024-08-19,Bạn bè,185209,Đi cafe
1474665203182,2024-09-28,Hóa đơn,6815784,Tiền nước
1323929312544,2023-10-28,Hóa đơn,5300528,Điện thoại
1144427952229,2023-01-03,Giáo dục,3774538,Khóa học online
1944435481923,2023-12-02,Sức khỏe,4051370,Khám bệnh
1787919151873,2023-07-26,Ăn uống,7723783,Nhậu
1282136781182,2024-07-14,Di chuyển,3589629,Xăng xe
1485355693463,2024-02-27,Hóa đơn,7829596,Điện thoại
1242676898101,2025-10-22,Mua sắm,2516900,Đồ gia dụng
1799700197172,2023-06-30,Bạn bè,7358589,Đi nhậu
1179319482945,2023-08-19,Ăn uống,804950,Ăn vặt
1761671166055,2024-10-28,Hóa đơn,5136085,Internet
1165540460091,2024-09-20,Bạn bè,8209807,Tặng quà
1009016251785,2025-04-01,Bạn bè,7171115,Đi nhậu
1329945951778,2024-01-15,Khác,6949985,Không rõ
1030904319812,2025-10-07,Giải trí,545501,Xem phim
1960510841981,2023-10-11,Giải trí,6153127,Xem phim
1266088876038,2024-11-30,Bạn bè,8470494,Tặng quà
1931310339022,2023-08-13,Bạn bè,5211833,Đi cafe
1253325744977,2024-03-17,Hóa đơn,8980090,Điện thoại
1151280586748,2023-11-11,Di chuyển,3712283,Xăng xe
1157772753886,2025-05-05,Mua sắm,8569197,Quần áo
1041799743136,2024-11-26,Gia đình,737743,Mua quà
1335228336073,2023-07-01,Sức khỏe,9694612,Mua vitamin
1202515453836,2025-03-03,Mua sắm,2199989,Điện tử
1583885445094,2023-04-29,Mua sắm,9718836,Giày dép
1163320818820,2023-06-08,Giáo dục,7406080,Sách vở
1986861422604,2025-01-15,Bạn bè,9657131,Đi nhậu
1423634963660,2024-06-30,Sức khỏe,4595380,Thuốc men
1896058913920,2025-09-02,Mua sắm,4172373,Điện tử
1292483844134,2024-12-19,Hóa đơn,8502450,Tiền nước
1735417424042,2025-06-16,Hóa đơn,5609370,Tiền điện
1159629752746,2023-01-10,Hóa đơn,2934668,Tiền nước
1554488228638,2025-05-10,Bạn bè,2712647,Đi nhậu
1092957007412,2024-10-23,Khác,4731735,Không rõ
1526304406458,2025-06-28,Bạn bè,671506,Tặng quà
1356199687782,2024-12-11,Di chuyển,6037449,Xăng xe
1861517790365,2023-11-30,Bạn bè,6173985,Đi nhậu
1977705416588,2023-06-26,Sức khỏe,4638808,Khám bệnh
1992360776710,2024-05-09,Gia đình,5813192,Tiệc gia đình
1465976535633,2025-05-07,Hóa đơn,6558636,Internet
1487219757780,2023-01-02,Bạn bè,4697036,Đi nhậu
1354904030265,2024-10-06,Bạn bè,3143088,Đi cafe
1221665079085,2025-08-25,Bạn bè,4787885,Tặng quà
1346013951075,2025-06-15,Gia đình,2994468,Mua quà
1143313235604,2025-09-12,Sức khỏe,6714346,Mua vitamin
1049065527292,2025-04-01,Hóa đơn,9294900,Tiền điện
1033069035789,2025-05-23,Mua sắm,7758031,Quần áo
1673491890721,2023-10-24,Ăn uống,9955718,Cafe
1270202710092,2025-12-28,Khác,659348,Chi phí phát sinh
1498421243117,2024-08-08,Giáo dục,1848186,Học phí
1856312817245,2024-02-29,Bạn bè,1361108,Tặng quà
1306565015648,2023-04-17,Gia đình,3442796,Tiền chợ
1085523268432,2025-03-14,Sức khỏe,993024,Thuốc men
1175106097767,2024-11-17,Gia đình,8443326,Mua quà
1911347217709,2025-11-14,Hóa đơn,233064,Tiền nước
1018304740157,2023-07-24,Bạn bè,8545310,Đi cafe
1408553139765,2024-01-06,Mua sắm,7988928,Quần áo
1703545583850,2023-03-09,Giải trí,1343183,Xem phim
1183498616725,2023-08-11,Khác,3955229,Không rõ
1871635536794,2024-05-21,Mua sắm,3965454,Đồ gia dụng
1813746164541,2023-05-10,Giải trí,6706814,Xem phim
1336354221258,2025-10-14,Giải trí,5602887,Chơi game
1260719832372,2024-10-02,Mua sắm,7067301,Đồ gia dụng
1763717709338,2025-08-23,Mua sắm,6432158,Đồ gia dụng
1351112022512,2025-09-03,Giải trí,3493993,Xem phim
1656084876183,2023-10-25,Bạn bè,6969957,Tặng quà
1945318183950,2024-06-12,Di chuyển,6046494,Taxi
1282038076630,2024-03-21,Ăn uống,3160241,Nhậu
1991225878826,2023-10-02,Bạn bè,9647415,Đi cafe
1475884673047,2025-02-13,Giáo dục,7310915,Học phí
1500518213799,2025-02-16,Sức khỏe,4363073,Khám bệnh
1155640953232,2023-06-01,Bạn bè,29093,Đi cafe
1513725317055,2023-09-24,Khác,7136457,Không rõ
1060199085008,2025-11-23,Giáo dục,3092878,Học phí
1281809423251,2025-08-18,Khác,737015,Không rõ
1452448105013,2023-12-31,Gia đình,6827724,Tiền chợ
1081814746583,2023-01-21,Sức khỏe,4299303,Thuốc men
1890041349227,2024-08-21,Bạn bè,4368156,Đi nhậu
1579735051255,2023-12-04,Sức khỏe,9153593,Khám bệnh
1664152042397,2024-07-03,Giáo dục,3463567,Khóa học online
1048507608523,2025-07-05,Bạn bè,6392269,Tặng quà
1607470830046,2024-09-17,Sức khỏe,3584068,Khám bệnh
1794837777400,2024-07-19,Giáo dục,326682,Học phí
1915584920099,2024-04-17,Hóa đơn,1387310,Tiền nước
1455039576790,2023-10-05,Giáo dục,6965174,Học phí
1139414397299,2024-05-12,Giáo dục,8911504,Khóa học online
1463605991220,2024-11-24,Khác,4926501,Chi phí phát sinh
1292169304201,2024-09-14,Bạn bè,7549850,Đi nhậu
1865759806070,2024-01-02,Di chuyển,9816849,Bảo dưỡng xe
1547184591475,2024-05-12,Giải trí,2021071,Chơi game
1393274347531,2025-09-13,Bạn bè,7426015,Đi cafe
1718728531219,2023-01-24,Hóa đơn,1900432,Tiền nước
1982671634120,2024-05-03,Khác,7018036,Không rõ
1445180939706,2023-02-06,Hóa đơn,3455079,Tiền nước
1246706265578,2024-10-26,Ăn uống,3372676,Nhậu
1021169297247,2023-01-27,Di chuyển,4362594,Grab
1363319017279,2024-08-13,Ăn uống,8649157,Nhậu
1035545531568,2025-01-08,Ăn uống,9371118,Ăn vặt
1063772544389,2024-11-15,Sức khỏe,1517382,Khám bệnh
1048694017897,2023-08-06,Di chuyển,8787692,Vé xe bus
1936667049946,2024-07-14,Sức khỏe,8400895,Thuốc men
1834565836877,2024-11-21,Khác,3583597,Chi phí phát sinh
1054603416623,2024-04-30,Giáo dục,8138718,Sách vở
1328075653429,2025-04-18,Khác,295429,Chi phí phát sinh
1760185471705,2023-12-03,Khác,5487748,Không rõ
1595336741939,2024-02-14,Di chuyển,3741264,Grab
1704183103300,2023-11-07,Khác,8057461,Không rõ
1063904239140,2025-04-27,Sức khỏe,2649065,Mua vitamin
1519866989467,2024-01-31,Sức khỏe,9792368,Thuốc men
1192267780403,2024-01-09,Ăn uống,5502252,Ăn sáng
1894225922961,2023-04-11,Ăn uống,885289,Nhậu
1878446013239,2023-07-07,Gia đình,6231334,Tiền chợ
1893525629665,2024-03-14,Ăn uống,4892776,Ăn vặt
1701167555296,2024-11-06,Giáo dục,1889976,Sách vở
1808244562693,2023-03-30,Khác,4632760,Chi phí phát sinh
1188777569598,2024-04-16,Hóa đơn,7630223,Tiền nước
1949407999164,2023-04-20,Khác,2778800,Không rõ
1919115552506,2023-01-16,Hóa đơn,8610033,Internet
1239221204172,2024-03-24,Giải trí,1230401,Đi karaoke
1420068243110,2024-07-12,Giáo dục,3870707,Khóa học online
1566492924453,2023-08-03,Giáo dục,959035,Học phí
1836140282117,2023-02-10,Bạn bè,8077399,Tặng quà
1125989141079,2023-04-06,Bạn bè,9474439,Đi nhậu
1999522893655,2024-12-07,Hóa đơn,4771149,Internet
1742514937994,2023-08-30,Giáo dục,5357604,Học phí
1818771773907,2023-06-14,Ăn uống,588878,Ăn sáng
1612524250514,2024-10-26,Sức khỏe,2771215,Mua vitamin
1303947246907,2025-11-26,Sức khỏe,2231292,Thuốc men
1029447300654,2025-04-17,Gia đình,174067,Tiền chợ
1450741748665,2025-03-01,Ăn uống,2954895,Cơm trưa
1058883306294,2024-03-24,Giáo dục,7693563,Học phí
1981405689307,2023-06-20,Sức khỏe,8923409,Thuốc men
1500775563543,2024-01-16,Bạn bè,7160916,Đi cafe
1585896880495,2024-01-10,Bạn bè,4967619,Đi nhậu
1108752921377,2024-12-22,Giải trí,5822487,Đi karaoke
1578691983303,2025-07-18,Giải trí,6646817,Đi karaoke
1027804784289,2024-09-22,Di chuyển,9717552,Vé xe bus
1525986856575,2025-01-20,Giải trí,8552702,Chơi game
1953631019580,2024-08-19,Khác,7245287,Không rõ
1351492671509,2025-05-10,Giáo dục,4399081,Sách vở
1160013143733,2023-07-24,Mua sắm,8201017,Quần áo
1170600280029,2023-05-27,Giải trí,5387393,Chơi game
1124739058098,2025-03-27,Mua sắm,824666,Điện tử
1717020459677,2023-09-11,Hóa đơn,433187,Tiền điện
1106508909398,2023-09-14,Sức khỏe,5653167,Thuốc men
1359983160814,2025-03-07,Khác,7111692,Chi phí phát sinh
1116889232295,2024-06-02,Mua sắm,1413105,Đồ gia dụng
1682191330925,2024-05-25,Bạn bè,8693549,Tặng quà
1628570015444,2024-11-02,Gia đình,9517630,Mua quà
1296546554230,2024-01-16,Bạn bè,8834368,Đi nhậu
1448761735885,2025-05-31,Khác,710215,Chi phí phát sinh
1887677744076,2025-12-25,Giải trí,8736541,Chơi game
1074815198309,2025-12-22,Giải trí,7937538,Đi karaoke
1863478739237,2025-09-26,Giải trí,7685748,Du lịch
1281444050129,2024-10-22,Ăn uống,6788158,Cafe
1361741409949,2023-04-16,Bạn bè,7774843,Đi cafe
1950690880498,2025-11-03,Ăn uống,7420994,Ăn sáng
1437120393144,2023-07-29,Sức khỏe,8566169,Mua vitamin
1835267484417,2025-05-04,Sức khỏe,8807042,Mua vitamin
1249753883197,2025-06-07,Mua sắm,1525232,Điện tử
1702934434675,2023-12-09,Khác,1459688,Không rõ
1946130429907,2023-11-13,Gia đình,5152985,Mua quà
1874627461597,2024-07-04,Gia đình,7916998,Mua quà
1411720542219,2024-11-15,Sức khỏe,743818,Thuốc men
1001774358730,2024-05-01,Ăn uống,5677404,Nhậu
1485089172079,2025-11-09,Hóa đơn,2037902,Internet
1134062860013,2024-09-16,Giáo dục,6118128,Học phí
1682474959150,2023-06-08,Bạn bè,7568856,Đi nhậu
1580735080997,2025-04-04,Mua sắm,6194587,Điện tử
1113091422544,2025-09-04,Mua sắm,22602,Đồ gia dụng
1864100696964,2024-01-23,Bạn bè,6390526,Đi cafe
1815589120342,2025-03-08,Khác,1585399,Chi phí phát sinh
1882178294027,2024-08-28,Giải trí,2882416,Đi karaoke
1518693418796,2023-05-17,Khác,3087577,Không rõ
1714028780436,2023-06-22,Giáo dục,4484877,Khóa học online
1641613800722,2023-07-14,Bạn bè,7444420,Tặng quà
1452039866365,2024-08-27,Hóa đơn,2168868,Tiền nước
1842918200368,2025-09-03,Giải trí,7559441,Chơi game
1971502077541,2024-01-06,Khác,1612323,Chi phí phát sinh
1166479431200,2025-04-25,Ăn uống,9370951,Nhậu
1747109118091,2025-01-24,Khác,5278094,Chi phí phát sinh
1829852548565,2024-02-11,Gia đình,5935205,Mua quà
1214133915100,2024-02-17,Sức khỏe,5264852,Khám bệnh
1235339697165,2025-08-14,Giáo dục,3069164,Khóa học online
1526987979731,2025-06-22,Di chuyển,9327470,Vé xe bus
1306704481994,2023-05-20,Hóa đơn,2930474,Điện thoại
1987246137560,2024-10-08,Bạn bè,3526040,Đi cafe
1506031823854,2025-05-02,Sức khỏe,2209976,Khám bệnh
1119845393163,2024-03-16,Ăn uống,3468880,Ăn vặt
1255256329977,2025-10-05,Mua sắm,1849723,Đồ gia dụng
1592042164005,2023-07-21,Mua sắm,3493452,Quần áo
1877619575088,2025-03-24,Sức khỏe,3328294,Thuốc men
1649077444956,2023-10-23,Ăn uống,6476693,Ăn vặt
1538297249800,2025-04-29,Ăn uống,7936527,Nhậu
1713484479767,2023-10-31,Hóa đơn,4967527,Internet
1573475601900,2025-06-16,Giải trí,6504593,Du lịch
1925879572667,2025-05-23,Bạn bè,93002,Đi cafe
1540116076385,2023-08-22,Sức khỏe,9701555,Thuốc men
1419760327072,2023-05-09,Khác,9049295,Chi phí phát sinh
1912576477758,2025-08-24,Bạn bè,8957335,Đi nhậu
1328965598186,2025-11-10,Di chuyển,3016227,Vé xe bus
1035858494480,2024-12-26,Giải trí,8201795,Du lịch
1039200250584,2023-02-21,Giải trí,9181652,Du lịch
1324571613105,2024-03-01,Bạn bè,4448077,Đi cafe
1607979537227,2024-01-09,Khác,1071247,Chi phí phát sinh
1337754282462,2024-04-06,Ăn uống,5062048,Cafe
1833180509582,2025-01-01,Bạn bè,9123030,Đi nhậu
1490126625053,2025-11-09,Mua sắm,5247214,Điện tử
1054108118046,2025-09-20,Giải trí,2191023,Chơi game
1808999592394,2023-06-19,Hóa đơn,2783116,Tiền nước
1493291459936,2024-02-23,Sức khỏe,2823415,Khám bệnh
1928768963382,2025-02-08,Bạn bè,8172018,Đi cafe
1140630438193,2023-12-08,Khác,9119613,Không rõ
1151637309809,2023-08-23,Ăn uống,9411483,Cafe
1808644525168,2025-05-04,Sức khỏe,7060668,Mua vitamin
1818703511975,2023-10-06,Giáo dục,5124080,Sách vở
1866356578955,2024-05-30,Sức khỏe,8219858,Mua vitamin
1229362497491,2025-03-23,Ăn uống,7724760,Ăn vặt
1363746800676,2024-09-27,Giải trí,616406,Đi karaoke
1943066382711,2024-11-15,Khác,1984002,Không rõ
1516427368905,2025-03-16,Bạn bè,3518013,Đi nhậu
1547445713297,2025-10-08,Hóa đơn,3312974,Internet
1488330188388,2024-05-16,Giáo dục,5087666,Học phí
1994531942671,2025-03-20,Di chuyển,6125123,Grab
1143512813254,2025-11-09,Giải trí,1718287,Chơi game
1594341547910,2025-12-23,Mua sắm,7278907,Đồ gia dụng
1145664690751,2023-06-19,Di chuyển,3828728,Xăng xe
1386881535258,2025-09-16,Bạn bè,5720232,Đi cafe
1967187743829,2024-07-14,Sức khỏe,7304045,Khám bệnh
1037313988342,2024-02-25,Sức khỏe,2778564,Mua vitamin
1431662058086,2025-01-19,Gia đình,7974185,Tiền chợ
1865136573510,2023-12-05,Bạn bè,9749373,Đi cafe
1852699725672,2023-06-10,Giải trí,3125185,Chơi game
1448095085596,2025-10-17,Giải trí,2191042,Chơi game
1922660943690,2024-07-29,Giáo dục,6924199,Khóa học online
1066661380876,2025-07-11,Gia đình,8695074,Tiệc gia đình
1048555267579,2024-01-14,Ăn uống,800070,Cơm trưa
1331430353072,2023-06-22,Di chuyển,2819964,Bảo dưỡng xe
1608271791134,2024-06-16,Khác,8039187,Không rõ
1659231782613,2025-05-22,Giải trí,914870,Xem phim
1040333390966,2023-11-18,Khác,8689559,Không rõ
1912484132742,2023-07-10,Bạn bè,285228,Đi nhậu
1302190131471,2024-06-05,Ăn uống,2168699,Cafe
1320867368236,2023-10-22,Di chuyển,4027204,Xăng xe
1274645591290,2023-11-11,Ăn uống,2916364,Ăn sáng
1148697192475,2023-07-19,Hóa đơn,3379386,Tiền nước
1880344054568,2024-12-10,Gia đình,3471594,Tiệc gia đình
1109068942649,2025-11-06,Giáo dục,7092708,Học phí
1067515466837,2024-03-15,Mua sắm,9138387,Quần áo
1251545937563,2025-04-11,Hóa đơn,2438406,Internet
1187879758328,2023-06-13,Sức khỏe,3902852,Mua vitamin
1882811159223,2023-08-18,Mua sắm,5194966,Quần áo
1944313079007,2024-07-02,Giáo dục,9641706,Khóa học online
1873042221863,2024-12-04,Gia đình,6576359,Tiệc gia đình
1978094759039,2025-08-10,Hóa đơn,8311468,Tiền nước
1805505730970,2023-11-28,Giáo dục,3676709,Sách vở
1826795371146,2024-11-06,Khác,6363498,Không rõ
1880441908792,2024-02-19,Sức khỏe,2305739,Mua vitamin
1235343465631,2023-01-08,Giáo dục,838202,Học phí
1493042245376,2023-07-13,Mua sắm,981428,Quần áo
1275908369709,2024-11-30,Mua sắm,5184885,Quần áo
1998293191558,2025-08-15,Giáo dục,1938581,Học phí
1273457469526,2024-08-11,Giải trí,4545781,Xem phim
1418496549226,2025-03-03,Giáo dục,9808934,Học phí
1875430131940,2025-01-21,Giải trí,3518017,Chơi game
1976544409913,2025-01-22,Sức khỏe,4003107,Khám bệnh
1103496821684,2024-10-31,Sức khỏe,8355124,Khám bệnh
1446402492379,2025-07-30,Hóa đơn,424804,Điện thoại
1426504519278,2023-05-19,Bạn bè,6056175,Đi nhậu
1510183368055,2024-01-17,Bạn bè,4208413,Tặng quà
1938630192024,2024-09-08,Giải trí,3596203,Xem phim
1380946274217,2024-02-18,Sức khỏe,5249476,Khám bệnh
1079799485544,2024-06-02,Giải trí,1340451,Đi karaoke
1895758891844,2025-12-28,Sức khỏe,6231561,Khám bệnh
1417312431158,2025-03-12,Ăn uống,6966867,Nhậu
1904469576250,2024-12-20,Giáo dục,880153,Sách vở
1070568246826,2025-12-01,Ăn uống,2145417,Cơm trưa
1053170148224,2024-12-12,Giáo dục,2599302,Sách vở
1532419380254,2024-10-28,Hóa đơn,8124177,Internet
1525114311925,2025-04-04,Mua sắm,1129621,Quần áo
1771816495061,2025-02-13,Mua sắm,6180336,Đồ gia dụng
1782093424045,2023-08-30,Ăn uống,341252,Nhậu
1695603372268,2024-04-14,Giải trí,5354709,Đi karaoke
1758320717394,2024-08-12,Di chuyển,1469298,Bảo dưỡng xe
1713183631806,2023-04-17,Bạn bè,5305378,Đi nhậu
1485935719465,2024-04-29,Di chuyển,7283635,Vé xe bus
1442428090021,2023-08-18,Mua sắm,6513586,Đồ gia dụng
1063314919184,2023-03-10,Sức khỏe,4265637,Mua vitamin
1114391257654,2024-02-05,Giải trí,7928418,Chơi game
1865782458835,2024-11-23,Mua sắm,7250633,Đồ gia dụng
1309619775019,2024-11-01,Di chuyển,5377801,Taxi
1420554566270,2024-06-01,Gia đình,9094439,Tiệc gia đình
1767784551102,2025-01-06,Ăn uống,280975,Nhậu
1793640692499,2025-01-22,Gia đình,6197358,Mua quà
1520250311642,2024-08-22,Sức khỏe,4395080,Khám bệnh
1168841990724,2023-05-14,Giải trí,2455136,Xem phim
1148860384740,2024-03-18,Sức khỏe,860440,Thuốc men
1782558194276,2025-05-29,Gia đình,4032937,Mua quà
1623072420666,2023-07-20,Giáo dục,6359436,Học phí
1837141748166,2024-10-14,Bạn bè,9678405,Đi cafe
1303084015925,2023-04-10,Ăn uống,838166,Ăn vặt
1011999760595,2025-02-11,Khác,2222679,Chi phí phát sinh
1299213624537,2024-01-11,Mua sắm,75427,Giày dép
1937062750700,2023-03-24,Giáo dục,1384423,Khóa học online
1367110807977,2023-03-31,Giải trí,6950617,Chơi game
1863266068267,2025-07-12,Di chuyển,2711757,Bảo dưỡng xe
1825181146855,2025-05-24,Sức khỏe,9938796,Thuốc men
1325844555674,2024-09-05,Giải trí,9350545,Chơi game
1757158794158,2024-09-19,Mua sắm,6421430,Điện tử
1815440490432,2024-04-11,Bạn bè,6846664,Đi nhậu
1855428021949,2024-01-17,Khác,7793290,Chi phí phát sinh
1790261483490,2023-01-11,Khác,8933041,Chi phí phát sinh
1717993709662,2025-07-02,Sức khỏe,9129277,Mua vitamin
1882621335874,2024-06-17,Gia đình,1421449,Mua quà
1616564106749,2023-10-17,Di chuyển,3366317,Bảo dưỡng xe
1161523328636,2024-06-17,Khác,3186620,Không rõ
1361872835562,2024-06-14,Mua sắm,6217712,Đồ gia dụng
1633072312607,2024-02-23,Khác,5858454,Không rõ
1698147758272,2024-02-12,Ăn uống,1709608,Ăn sáng
1071443407266,2024-07-29,Gia đình,1086293,Mua quà
1235114555013,2024-03-29,Ăn uống,5313486,Nhậu
1217933210330,2024-07-06,Mua sắm,8397165,Giày dép
1482398827359,2024-05-24,Khác,8862750,Không rõ
1816306603557,2025-07-12,Giáo dục,8850994,Học phí
1180229470709,2023-03-01,Giáo dục,3467543,Sách vở
1677675188241,2023-07-20,Ăn uống,1048888,Cafe
1309268927325,2024-07-31,Khác,8234715,Không rõ
1064929636184,2023-07-22,Giáo dục,965622,Sách vở
1785873578019,2024-02-17,Di chuyển,8042799,Taxi
1203490482883,2025-01-01,Giải trí,5412641,Chơi game
1926523644287,2023-11-02,Hóa đơn,1587612,Tiền nước
1910318033274,2023-05-13,Giáo dục,5074125,Khóa học online
1421328425387,2024-11-24,Gia đình,7851051,Tiền chợ
1039526715811,2024-12-26,Gia đình,4671680,Tiền chợ
1414378128604,2023-11-20,Giáo dục,3098538,Khóa học online
1527408219639,2025-10-24,Mua sắm,1482167,Giày dép
1669165540660,2024-03-01,Bạn bè,7959653,Đi cafe
1023765539993,2024-09-17,Di chuyển,5046132,Xăng xe
1013701061290,2024-01-29,Gia đình,6568619,Tiền chợ
1521782389656,2023-12-28,Giáo dục,5901526,Sách vở
1278628674233,2025-12-10,Khác,1004296,Không rõ
1219454002986,2023-08-26,Mua sắm,5338467,Đồ gia dụng
1181979780013,2023-09-15,Giáo dục,5189730,Khóa học online
1332094809320,2025-03-18,Sức khỏe,5999840,Thuốc men
1198377346555,2024-12-07,Khác,1484315,Chi phí phát sinh
1735641125857,2024-05-11,Hóa đơn,9164178,Tiền nước
1476853360132,2023-11-11,Mua sắm,6787518,Quần áo
1022691325412,2023-01-25,Mua sắm,2896503,Đồ gia dụng
1715686320322,2024-04-02,Di chuyển,6723478,Bảo dưỡng xe
1478243589562,2024-12-17,Di chuyển,7048503,Vé xe bus
1915673936007,2025-09-27,Sức khỏe,3677890,Mua vitamin
1803301332680,2025-04-28,Sức khỏe,5203942,Khám bệnh
1666377634113,2023-05-30,Giải trí,5128272,Đi karaoke
1258329098898,2024-06-12,Gia đình,283490,Tiệc gia đình
1845695934238,2023-07-03,Khác,7879738,Chi phí phát sinh
1484061221099,2023-04-25,Giải trí,9001847,Du lịch
1668730704991,2025-06-28,Hóa đơn,4537574,Internet
1997535486872,2024-04-09,Bạn bè,4718730,Đi cafe
1981565470220,2024-03-25,Mua sắm,330392,Điện tử
1091822803890,2023-07-21,Hóa đơn,9411817,Tiền nước
1047254120121,2024-07-06,Giải trí,1913477,Đi karaoke
1841811085970,2024-09-13,Di chuyển,188942,Xăng xe
1208770325125,2025-01-31,Khác,853710,Chi phí phát sinh
1847097574397,2024-08-19,Ăn uống,7076904,Cơm trưa
1048101696842,2024-06-04,Ăn uống,8722774,Cơm trưa
1757483186703,2025-12-10,Khác,8799228,Không rõ
1160619349680,2023-01-05,Ăn uống,4762612,Ăn sáng
1134566723322,2025-06-18,Giáo dục,7195120,Sách vở
1103096461708,2024-05-06,Hóa đơn,1023208,Tiền điện
1079174644593,2023-11-01,Hóa đơn,220657,Tiền điện
1051276766524,2023-04-19,Hóa đơn,2823248,Điện thoại
1825001821932,2024-10-25,Gia đình,1963043,Mua quà
1071851427172,2023-09-05,Hóa đơn,3498462,Internet
1564655689051,2023-03-16,Giáo dục,8921335,Sách vở
1505469523604,2024-01-10,Giải trí,8537484,Đi karaoke
1022192886718,2025-04-03,Bạn bè,6321472,Đi cafe
1894334691161,2023-12-13,Giải trí,6318624,Xem phim
1720046817350,2023-08-09,Khác,6595183,Chi phí phát sinh
1878047395045,2024-02-18,Hóa đơn,1511874,Tiền nước
1355685168128,2023-11-01,Khác,1536726,Không rõ
1088643130434,2024-09-11,Di chuyển,6635812,Taxi
1231928303031,2023-10-01,Mua sắm,3262819,Đồ gia dụng
1144818484273,2023-05-03,Mua sắm,3176003,Giày dép
1620428185983,2025-04-08,Giáo dục,1958547,Học phí
1066559333671,2023-04-17,Giáo dục,441170,Sách vở
1367783941200,2024-03-14,Gia đình,4120995,Mua quà
1194614502970,2023-12-10,Khác,1891183,Không rõ
1270113222548,2023-07-02,Hóa đơn,6400060,Tiền điện
1385884522730,2025-01-09,Khác,1008403,Không rõ
1393720401586,2024-03-05,Hóa đơn,1977288,Điện thoại
1460711539403,2024-05-01,Di chuyển,225357,Vé xe bus
1586019126340,2025-12-16,Hóa đơn,9992829,Tiền nước
1639055801821,2024-11-07,Ăn uống,3603442,Nhậu
1830260815927,2025-01-14,Hóa đơn,7373123,Tiền nước
1266016808459,2025-10-05,Giải trí,8913907,Du lịch
1390186829726,2024-04-17,Sức khỏe,9330314,Thuốc men
1322467083662,2025-11-07,Khác,3886910,Không rõ
1295175274383,2023-05-04,Sức khỏe,5343846,Mua vitamin
1687254007275,2023-12-05,Di chuyển,9766523,Bảo dưỡng xe
1768955477768,2024-01-18,Di chuyển,1927371,Vé xe bus
1371181217643,2024-12-31,Bạn bè,1232957,Đi nhậu
1604822731152,2025-06-19,Bạn bè,7830867,Tặng quà
1697216687874,2023-07-06,Bạn bè,7668760,Tặng quà
1152061317083,2023-06-26,Giải trí,9878352,Đi karaoke
1545780290288,2024-05-25,Bạn bè,3427286,Đi nhậu
1729800667051,2024-12-28,Sức khỏe,3003386,Mua vitamin
1686627275035,2023-01-15,Giáo dục,8229593,Học phí
1155475636546,2025-04-17,Di chuyển,1427400,Vé xe bus
1592822206209,2024-02-01,Bạn bè,1172436,Đi nhậu
1363214007120,2024-01-23,Ăn uống,3927275,Nhậu
1383878809379,2023-03-14,Giải trí,403163,Du lịch
1071322729478,2023-09-24,Bạn bè,7216968,Đi cafe
1116522083045,2024-11-04,Sức khỏe,5779646,Thuốc men
1703895467950,2023-12-01,Mua sắm,4001230,Giày dép
1469180673770,2024-07-01,Bạn bè,750242,Tặng quà
